[{"id":0,"label":"Sw0","detail":"Sw[0, 0]"},{"id":1,"label":"Sw1","detail":"Sw[0, 1]"},{"id":2,"label":"Sw2","detail":"Sw[0, 2]"},{"id":3,"label":"Sw3","detail":"Sw[0, 3]"},{"id":4,"label":"Sw4","detail":"Sw[0, 4]"},{"id":5,"label":"Sw5","detail":"Sw[0, 5]"},{"id":6,"label":"Sw6","detail":"Sw[0, 6]"},{"id":7,"label":"Sw7","detail":"Sw[0, 7]"},{"id":8,"label":"Sw8","detail":"Sw[0, 8]"},{"id":9,"label":"Sw9","detail":"Sw[0, 9]"},{"id":10,"label":"Sw10","detail":"Sw[0, 10]"},{"id":11,"label":"Sw11","detail":"Sw[0, 11]"},{"id":12,"label":"Sw12","detail":"Sw[0, 12]"},{"id":13,"label":"Sw13","detail":"Sw[0, 13]"},{"id":14,"label":"Sw14","detail":"Sw[0, 14]"},{"id":15,"label":"Sw15","detail":"Sw[0, 15]"},{"id":16,"label":"Sw16","detail":"Sw[0, 16]"},{"id":17,"label":"Sw17","detail":"Sw[0, 17]"},{"id":18,"label":"Sw18","detail":"Sw[0, 18]"},{"id":19,"label":"Sw19","detail":"Sw[0, 19]"},{"id":20,"label":"Sw20","detail":"Sw[0, 20]"},{"id":21,"label":"Sw21","detail":"Sw[0, 21]"},{"id":22,"label":"Sw22","detail":"Sw[0, 22]"},{"id":23,"label":"Sw23","detail":"Sw[0, 23]"},{"id":24,"label":"Sw24","detail":"Sw[0, 24]"},{"id":25,"label":"Sw25","detail":"Sw[0, 25]"},{"id":26,"label":"Sw26","detail":"Sw[0, 26]"},{"id":27,"label":"Sw27","detail":"Sw[0, 27]"},{"id":28,"label":"Sw28","detail":"Sw[0, 28]"},{"id":29,"label":"Sw29","detail":"Sw[0, 29]"},{"id":30,"label":"Sw30","detail":"Sw[0, 30]"},{"id":31,"label":"Sw31","detail":"Sw[0, 31]"},{"id":32,"label":"Sw32","detail":"Sw[1, 0]"},{"id":33,"label":"Sw33","detail":"Sw[1, 1]"},{"id":34,"label":"Sw34","detail":"Sw[1, 2]"},{"id":35,"label":"Sw35","detail":"Sw[1, 3]"},{"id":36,"label":"Sw36","detail":"Sw[1, 4]"},{"id":37,"label":"Sw37","detail":"Sw[1, 5]"},{"id":38,"label":"Sw38","detail":"Sw[1, 6]"},{"id":39,"label":"Sw39","detail":"Sw[1, 7]"},{"id":40,"label":"Sw40","detail":"Sw[1, 8]"},{"id":41,"label":"Sw41","detail":"Sw[1, 9]"},{"id":42,"label":"Sw42","detail":"Sw[1, 10]"},{"id":43,"label":"Sw43","detail":"Sw[1, 11]"},{"id":44,"label":"Sw44","detail":"Sw[1, 12]"},{"id":45,"label":"Sw45","detail":"Sw[1, 13]"},{"id":46,"label":"Sw46","detail":"Sw[1, 14]"},{"id":47,"label":"Sw47","detail":"Sw[1, 15]"},{"id":48,"label":"Sw48","detail":"Sw[1, 16]"},{"id":49,"label":"Sw49","detail":"Sw[1, 17]"},{"id":50,"label":"Sw50","detail":"Sw[1, 18]"},{"id":51,"label":"Sw51","detail":"Sw[1, 19]"},{"id":52,"label":"Sw52","detail":"Sw[1, 20]"},{"id":53,"label":"Sw53","detail":"Sw[1, 21]"},{"id":54,"label":"Sw54","detail":"Sw[1, 22]"},{"id":55,"label":"Sw55","detail":"Sw[1, 23]"},{"id":56,"label":"Sw56","detail":"Sw[1, 24]"},{"id":57,"label":"Sw57","detail":"Sw[1, 25]"},{"id":58,"label":"Sw58","detail":"Sw[1, 26]"},{"id":59,"label":"Sw59","detail":"Sw[1, 27]"},{"id":60,"label":"Sw60","detail":"Sw[1, 28]"},{"id":61,"label":"Sw61","detail":"Sw[1, 29]"},{"id":62,"label":"Sw62","detail":"Sw[1, 30]"},{"id":63,"label":"Sw63","detail":"Sw[1, 31]"},{"id":64,"label":"Sw64","detail":"Sw[2, 0]"},{"id":65,"label":"Sw65","detail":"Sw[2, 1]"},{"id":66,"label":"Sw66","detail":"Sw[2, 2]"},{"id":67,"label":"Sw67","detail":"Sw[2, 3]"},{"id":68,"label":"Sw68","detail":"Sw[2, 4]"},{"id":69,"label":"Sw69","detail":"Sw[2, 5]"},{"id":70,"label":"Sw70","detail":"Sw[2, 6]"},{"id":71,"label":"Sw71","detail":"Sw[2, 7]"},{"id":72,"label":"Sw72","detail":"Sw[2, 8]"},{"id":73,"label":"Sw73","detail":"Sw[2, 9]"},{"id":74,"label":"Sw74","detail":"Sw[2, 10]"},{"id":75,"label":"Sw75","detail":"Sw[2, 11]"},{"id":76,"label":"Sw76","detail":"Sw[2, 12]"},{"id":77,"label":"Sw77","detail":"Sw[2, 13]"},{"id":78,"label":"Sw78","detail":"Sw[2, 14]"},{"id":79,"label":"Sw79","detail":"Sw[2, 15]"},{"id":80,"label":"Sw80","detail":"Sw[2, 16]"},{"id":81,"label":"Sw81","detail":"Sw[2, 17]"},{"id":82,"label":"Sw82","detail":"Sw[2, 18]"},{"id":83,"label":"Sw83","detail":"Sw[2, 19]"},{"id":84,"label":"Sw84","detail":"Sw[2, 20]"},{"id":85,"label":"Sw85","detail":"Sw[2, 21]"},{"id":86,"label":"Sw86","detail":"Sw[2, 22]"},{"id":87,"label":"Sw87","detail":"Sw[2, 23]"},{"id":88,"label":"Sw88","detail":"Sw[2, 24]"},{"id":89,"label":"Sw89","detail":"Sw[2, 25]"},{"id":90,"label":"Sw90","detail":"Sw[2, 26]"},{"id":91,"label":"Sw91","detail":"Sw[2, 27]"},{"id":92,"label":"Sw92","detail":"Sw[2, 28]"},{"id":93,"label":"Sw93","detail":"Sw[2, 29]"},{"id":94,"label":"Sw94","detail":"Sw[2, 30]"},{"id":95,"label":"Sw95","detail":"Sw[2, 31]"},{"id":96,"label":"Sw96","detail":"Sw[3, 0]"},{"id":97,"label":"Sw97","detail":"Sw[3, 1]"},{"id":98,"label":"Sw98","detail":"Sw[3, 2]"},{"id":99,"label":"Sw99","detail":"Sw[3, 3]"},{"id":100,"label":"Sw100","detail":"Sw[3, 4]"},{"id":101,"label":"Sw101","detail":"Sw[3, 5]"},{"id":102,"label":"Sw102","detail":"Sw[3, 6]"},{"id":103,"label":"Sw103","detail":"Sw[3, 7]"},{"id":104,"label":"Sw104","detail":"Sw[3, 8]"},{"id":105,"label":"Sw105","detail":"Sw[3, 9]"},{"id":106,"label":"Sw106","detail":"Sw[3, 10]"},{"id":107,"label":"Sw107","detail":"Sw[3, 11]"},{"id":108,"label":"Sw108","detail":"Sw[3, 12]"},{"id":109,"label":"Sw109","detail":"Sw[3, 13]"},{"id":110,"label":"Sw110","detail":"Sw[3, 14]"},{"id":111,"label":"Sw111","detail":"Sw[3, 15]"},{"id":112,"label":"Sw112","detail":"Sw[3, 16]"},{"id":113,"label":"Sw113","detail":"Sw[3, 17]"},{"id":114,"label":"Sw114","detail":"Sw[3, 18]"},{"id":115,"label":"Sw115","detail":"Sw[3, 19]"},{"id":116,"label":"Sw116","detail":"Sw[3, 20]"},{"id":117,"label":"Sw117","detail":"Sw[3, 21]"},{"id":118,"label":"Sw118","detail":"Sw[3, 22]"},{"id":119,"label":"Sw119","detail":"Sw[3, 23]"},{"id":120,"label":"Sw120","detail":"Sw[3, 24]"},{"id":121,"label":"Sw121","detail":"Sw[3, 25]"},{"id":122,"label":"Sw122","detail":"Sw[3, 26]"},{"id":123,"label":"Sw123","detail":"Sw[3, 27]"},{"id":124,"label":"Sw124","detail":"Sw[3, 28]"},{"id":125,"label":"Sw125","detail":"Sw[3, 29]"},{"id":126,"label":"Sw126","detail":"Sw[3, 30]"},{"id":127,"label":"Sw127","detail":"Sw[3, 31]"},{"id":128,"label":"Sw128","detail":"Sw[4, 0]"},{"id":129,"label":"Sw129","detail":"Sw[4, 1]"},{"id":130,"label":"Sw130","detail":"Sw[4, 2]"},{"id":131,"label":"Sw131","detail":"Sw[4, 3]"},{"id":132,"label":"Sw132","detail":"Sw[4, 4]"},{"id":133,"label":"Sw133","detail":"Sw[4, 5]"},{"id":134,"label":"Sw134","detail":"Sw[4, 6]"},{"id":135,"label":"Sw135","detail":"Sw[4, 7]"},{"id":136,"label":"Sw136","detail":"Sw[4, 8]"},{"id":137,"label":"Sw137","detail":"Sw[4, 9]"},{"id":138,"label":"Sw138","detail":"Sw[4, 10]"},{"id":139,"label":"Sw139","detail":"Sw[4, 11]"},{"id":140,"label":"Sw140","detail":"Sw[4, 12]"},{"id":141,"label":"Sw141","detail":"Sw[4, 13]"},{"id":142,"label":"Sw142","detail":"Sw[4, 14]"},{"id":143,"label":"Sw143","detail":"Sw[4, 15]"},{"id":144,"label":"Sw144","detail":"Sw[4, 16]"},{"id":145,"label":"Sw145","detail":"Sw[4, 17]"},{"id":146,"label":"Sw146","detail":"Sw[4, 18]"},{"id":147,"label":"Sw147","detail":"Sw[4, 19]"},{"id":148,"label":"Sw148","detail":"Sw[4, 20]"},{"id":149,"label":"Sw149","detail":"Sw[4, 21]"},{"id":150,"label":"Sw150","detail":"Sw[4, 22]"},{"id":151,"label":"Sw151","detail":"Sw[4, 23]"},{"id":152,"label":"Sw152","detail":"Sw[4, 24]"},{"id":153,"label":"Sw153","detail":"Sw[4, 25]"},{"id":154,"label":"Sw154","detail":"Sw[4, 26]"},{"id":155,"label":"Sw155","detail":"Sw[4, 27]"},{"id":156,"label":"Sw156","detail":"Sw[4, 28]"},{"id":157,"label":"Sw157","detail":"Sw[4, 29]"},{"id":158,"label":"Sw158","detail":"Sw[4, 30]"},{"id":159,"label":"Sw159","detail":"Sw[4, 31]"},{"id":160,"label":"Sw160","detail":"Sw[5, 0]"},{"id":161,"label":"Sw161","detail":"Sw[5, 1]"},{"id":162,"label":"Sw162","detail":"Sw[5, 2]"},{"id":163,"label":"Sw163","detail":"Sw[5, 3]"},{"id":164,"label":"Sw164","detail":"Sw[5, 4]"},{"id":165,"label":"Sw165","detail":"Sw[5, 5]"},{"id":166,"label":"Sw166","detail":"Sw[5, 6]"},{"id":167,"label":"Sw167","detail":"Sw[5, 7]"},{"id":168,"label":"Sw168","detail":"Sw[5, 8]"},{"id":169,"label":"Sw169","detail":"Sw[5, 9]"},{"id":170,"label":"Sw170","detail":"Sw[5, 10]"},{"id":171,"label":"Sw171","detail":"Sw[5, 11]"},{"id":172,"label":"Sw172","detail":"Sw[5, 12]"},{"id":173,"label":"Sw173","detail":"Sw[5, 13]"},{"id":174,"label":"Sw174","detail":"Sw[5, 14]"},{"id":175,"label":"Sw175","detail":"Sw[5, 15]"},{"id":176,"label":"Sw176","detail":"Sw[5, 16]"},{"id":177,"label":"Sw177","detail":"Sw[5, 17]"},{"id":178,"label":"Sw178","detail":"Sw[5, 18]"},{"id":179,"label":"Sw179","detail":"Sw[5, 19]"},{"id":180,"label":"Sw180","detail":"Sw[5, 20]"},{"id":181,"label":"Sw181","detail":"Sw[5, 21]"},{"id":182,"label":"Sw182","detail":"Sw[5, 22]"},{"id":183,"label":"Sw183","detail":"Sw[5, 23]"},{"id":184,"label":"Sw184","detail":"Sw[5, 24]"},{"id":185,"label":"Sw185","detail":"Sw[5, 25]"},{"id":186,"label":"Sw186","detail":"Sw[5, 26]"},{"id":187,"label":"Sw187","detail":"Sw[5, 27]"},{"id":188,"label":"Sw188","detail":"Sw[5, 28]"},{"id":189,"label":"Sw189","detail":"Sw[5, 29]"},{"id":190,"label":"Sw190","detail":"Sw[5, 30]"},{"id":191,"label":"Sw191","detail":"Sw[5, 31]"},{"id":192,"label":"Sw192","detail":"Sw[6, 0]"},{"id":193,"label":"Sw193","detail":"Sw[6, 1]"},{"id":194,"label":"Sw194","detail":"Sw[6, 2]"},{"id":195,"label":"Sw195","detail":"Sw[6, 3]"},{"id":196,"label":"Sw196","detail":"Sw[6, 4]"},{"id":197,"label":"Sw197","detail":"Sw[6, 5]"},{"id":198,"label":"Sw198","detail":"Sw[6, 6]"},{"id":199,"label":"Sw199","detail":"Sw[6, 7]"},{"id":200,"label":"Sw200","detail":"Sw[6, 8]"},{"id":201,"label":"Sw201","detail":"Sw[6, 9]"},{"id":202,"label":"Sw202","detail":"Sw[6, 10]"},{"id":203,"label":"Sw203","detail":"Sw[6, 11]"},{"id":204,"label":"Sw204","detail":"Sw[6, 12]"},{"id":205,"label":"Sw205","detail":"Sw[6, 13]"},{"id":206,"label":"Sw206","detail":"Sw[6, 14]"},{"id":207,"label":"Sw207","detail":"Sw[6, 15]"},{"id":208,"label":"Sw208","detail":"Sw[6, 16]"},{"id":209,"label":"Sw209","detail":"Sw[6, 17]"},{"id":210,"label":"Sw210","detail":"Sw[6, 18]"},{"id":211,"label":"Sw211","detail":"Sw[6, 19]"},{"id":212,"label":"Sw212","detail":"Sw[6, 20]"},{"id":213,"label":"Sw213","detail":"Sw[6, 21]"},{"id":214,"label":"Sw214","detail":"Sw[6, 22]"},{"id":215,"label":"Sw215","detail":"Sw[6, 23]"},{"id":216,"label":"Sw216","detail":"Sw[6, 24]"},{"id":217,"label":"Sw217","detail":"Sw[6, 25]"},{"id":218,"label":"Sw218","detail":"Sw[6, 26]"},{"id":219,"label":"Sw219","detail":"Sw[6, 27]"},{"id":220,"label":"Sw220","detail":"Sw[6, 28]"},{"id":221,"label":"Sw221","detail":"Sw[6, 29]"},{"id":222,"label":"Sw222","detail":"Sw[6, 30]"},{"id":223,"label":"Sw223","detail":"Sw[6, 31]"},{"id":224,"label":"Sw224","detail":"Sw[7, 0]"},{"id":225,"label":"Sw225","detail":"Sw[7, 1]"},{"id":226,"label":"Sw226","detail":"Sw[7, 2]"},{"id":227,"label":"Sw227","detail":"Sw[7, 3]"},{"id":228,"label":"Sw228","detail":"Sw[7, 4]"},{"id":229,"label":"Sw229","detail":"Sw[7, 5]"},{"id":230,"label":"Sw230","detail":"Sw[7, 6]"},{"id":231,"label":"Sw231","detail":"Sw[7, 7]"},{"id":232,"label":"Sw232","detail":"Sw[7, 8]"},{"id":233,"label":"Sw233","detail":"Sw[7, 9]"},{"id":234,"label":"Sw234","detail":"Sw[7, 10]"},{"id":235,"label":"Sw235","detail":"Sw[7, 11]"},{"id":236,"label":"Sw236","detail":"Sw[7, 12]"},{"id":237,"label":"Sw237","detail":"Sw[7, 13]"},{"id":238,"label":"Sw238","detail":"Sw[7, 14]"},{"id":239,"label":"Sw239","detail":"Sw[7, 15]"},{"id":240,"label":"Sw240","detail":"Sw[7, 16]"},{"id":241,"label":"Sw241","detail":"Sw[7, 17]"},{"id":242,"label":"Sw242","detail":"Sw[7, 18]"},{"id":243,"label":"Sw243","detail":"Sw[7, 19]"},{"id":244,"label":"Sw244","detail":"Sw[7, 20]"},{"id":245,"label":"Sw245","detail":"Sw[7, 21]"},{"id":246,"label":"Sw246","detail":"Sw[7, 22]"},{"id":247,"label":"Sw247","detail":"Sw[7, 23]"},{"id":248,"label":"Sw248","detail":"Sw[7, 24]"},{"id":249,"label":"Sw249","detail":"Sw[7, 25]"},{"id":250,"label":"Sw250","detail":"Sw[7, 26]"},{"id":251,"label":"Sw251","detail":"Sw[7, 27]"},{"id":252,"label":"Sw252","detail":"Sw[7, 28]"},{"id":253,"label":"Sw253","detail":"Sw[7, 29]"},{"id":254,"label":"Sw254","detail":"Sw[7, 30]"},{"id":255,"label":"Sw255","detail":"Sw[7, 31]"},{"id":256,"label":"Sw256","detail":"Sw[8, 0]"},{"id":257,"label":"Sw257","detail":"Sw[8, 1]"},{"id":258,"label":"Sw258","detail":"Sw[8, 2]"},{"id":259,"label":"Sw259","detail":"Sw[8, 3]"},{"id":260,"label":"Sw260","detail":"Sw[8, 4]"},{"id":261,"label":"Sw261","detail":"Sw[8, 5]"},{"id":262,"label":"Sw262","detail":"Sw[8, 6]"},{"id":263,"label":"Sw263","detail":"Sw[8, 7]"},{"id":264,"label":"Sw264","detail":"Sw[8, 8]"},{"id":265,"label":"Sw265","detail":"Sw[8, 9]"},{"id":266,"label":"Sw266","detail":"Sw[8, 10]"},{"id":267,"label":"Sw267","detail":"Sw[8, 11]"},{"id":268,"label":"Sw268","detail":"Sw[8, 12]"},{"id":269,"label":"Sw269","detail":"Sw[8, 13]"},{"id":270,"label":"Sw270","detail":"Sw[8, 14]"},{"id":271,"label":"Sw271","detail":"Sw[8, 15]"},{"id":272,"label":"Sw272","detail":"Sw[8, 16]"},{"id":273,"label":"Sw273","detail":"Sw[8, 17]"},{"id":274,"label":"Sw274","detail":"Sw[8, 18]"},{"id":275,"label":"Sw275","detail":"Sw[8, 19]"},{"id":276,"label":"Sw276","detail":"Sw[8, 20]"},{"id":277,"label":"Sw277","detail":"Sw[8, 21]"},{"id":278,"label":"Sw278","detail":"Sw[8, 22]"},{"id":279,"label":"Sw279","detail":"Sw[8, 23]"},{"id":280,"label":"Sw280","detail":"Sw[8, 24]"},{"id":281,"label":"Sw281","detail":"Sw[8, 25]"},{"id":282,"label":"Sw282","detail":"Sw[8, 26]"},{"id":283,"label":"Sw283","detail":"Sw[8, 27]"},{"id":284,"label":"Sw284","detail":"Sw[8, 28]"},{"id":285,"label":"Sw285","detail":"Sw[8, 29]"},{"id":286,"label":"Sw286","detail":"Sw[8, 30]"},{"id":287,"label":"Sw287","detail":"Sw[8, 31]"},{"id":288,"label":"Sw288","detail":"Sw[9, 0]"},{"id":289,"label":"Sw289","detail":"Sw[9, 1]"},{"id":290,"label":"Sw290","detail":"Sw[9, 2]"},{"id":291,"label":"Sw291","detail":"Sw[9, 3]"},{"id":292,"label":"Sw292","detail":"Sw[9, 4]"},{"id":293,"label":"Sw293","detail":"Sw[9, 5]"},{"id":294,"label":"Sw294","detail":"Sw[9, 6]"},{"id":295,"label":"Sw295","detail":"Sw[9, 7]"},{"id":296,"label":"Sw296","detail":"Sw[9, 8]"},{"id":297,"label":"Sw297","detail":"Sw[9, 9]"},{"id":298,"label":"Sw298","detail":"Sw[9, 10]"},{"id":299,"label":"Sw299","detail":"Sw[9, 11]"},{"id":300,"label":"Sw300","detail":"Sw[9, 12]"},{"id":301,"label":"Sw301","detail":"Sw[9, 13]"},{"id":302,"label":"Sw302","detail":"Sw[9, 14]"},{"id":303,"label":"Sw303","detail":"Sw[9, 15]"},{"id":304,"label":"Sw304","detail":"Sw[9, 16]"},{"id":305,"label":"Sw305","detail":"Sw[9, 17]"},{"id":306,"label":"Sw306","detail":"Sw[9, 18]"},{"id":307,"label":"Sw307","detail":"Sw[9, 19]"},{"id":308,"label":"Sw308","detail":"Sw[9, 20]"},{"id":309,"label":"Sw309","detail":"Sw[9, 21]"},{"id":310,"label":"Sw310","detail":"Sw[9, 22]"},{"id":311,"label":"Sw311","detail":"Sw[9, 23]"},{"id":312,"label":"Sw312","detail":"Sw[9, 24]"},{"id":313,"label":"Sw313","detail":"Sw[9, 25]"},{"id":314,"label":"Sw314","detail":"Sw[9, 26]"},{"id":315,"label":"Sw315","detail":"Sw[9, 27]"},{"id":316,"label":"Sw316","detail":"Sw[9, 28]"},{"id":317,"label":"Sw317","detail":"Sw[9, 29]"},{"id":318,"label":"Sw318","detail":"Sw[9, 30]"},{"id":319,"label":"Sw319","detail":"Sw[9, 31]"},{"id":320,"label":"Sw320","detail":"Sw[10, 0]"},{"id":321,"label":"Sw321","detail":"Sw[10, 1]"},{"id":322,"label":"Sw322","detail":"Sw[10, 2]"},{"id":323,"label":"Sw323","detail":"Sw[10, 3]"},{"id":324,"label":"Sw324","detail":"Sw[10, 4]"},{"id":325,"label":"Sw325","detail":"Sw[10, 5]"},{"id":326,"label":"Sw326","detail":"Sw[10, 6]"},{"id":327,"label":"Sw327","detail":"Sw[10, 7]"},{"id":328,"label":"Sw328","detail":"Sw[10, 8]"},{"id":329,"label":"Sw329","detail":"Sw[10, 9]"},{"id":330,"label":"Sw330","detail":"Sw[10, 10]"},{"id":331,"label":"Sw331","detail":"Sw[10, 11]"},{"id":332,"label":"Sw332","detail":"Sw[10, 12]"},{"id":333,"label":"Sw333","detail":"Sw[10, 13]"},{"id":334,"label":"Sw334","detail":"Sw[10, 14]"},{"id":335,"label":"Sw335","detail":"Sw[10, 15]"},{"id":336,"label":"Sw336","detail":"Sw[10, 16]"},{"id":337,"label":"Sw337","detail":"Sw[10, 17]"},{"id":338,"label":"Sw338","detail":"Sw[10, 18]"},{"id":339,"label":"Sw339","detail":"Sw[10, 19]"},{"id":340,"label":"Sw340","detail":"Sw[10, 20]"},{"id":341,"label":"Sw341","detail":"Sw[10, 21]"},{"id":342,"label":"Sw342","detail":"Sw[10, 22]"},{"id":343,"label":"Sw343","detail":"Sw[10, 23]"},{"id":344,"label":"Sw344","detail":"Sw[10, 24]"},{"id":345,"label":"Sw345","detail":"Sw[10, 25]"},{"id":346,"label":"Sw346","detail":"Sw[10, 26]"},{"id":347,"label":"Sw347","detail":"Sw[10, 27]"},{"id":348,"label":"Sw348","detail":"Sw[10, 28]"},{"id":349,"label":"Sw349","detail":"Sw[10, 29]"},{"id":350,"label":"Sw350","detail":"Sw[10, 30]"},{"id":351,"label":"Sw351","detail":"Sw[10, 31]"},{"id":352,"label":"Sw352","detail":"Sw[11, 0]"},{"id":353,"label":"Sw353","detail":"Sw[11, 1]"},{"id":354,"label":"Sw354","detail":"Sw[11, 2]"},{"id":355,"label":"Sw355","detail":"Sw[11, 3]"},{"id":356,"label":"Sw356","detail":"Sw[11, 4]"},{"id":357,"label":"Sw357","detail":"Sw[11, 5]"},{"id":358,"label":"Sw358","detail":"Sw[11, 6]"},{"id":359,"label":"Sw359","detail":"Sw[11, 7]"},{"id":360,"label":"Sw360","detail":"Sw[11, 8]"},{"id":361,"label":"Sw361","detail":"Sw[11, 9]"},{"id":362,"label":"Sw362","detail":"Sw[11, 10]"},{"id":363,"label":"Sw363","detail":"Sw[11, 11]"},{"id":364,"label":"Sw364","detail":"Sw[11, 12]"},{"id":365,"label":"Sw365","detail":"Sw[11, 13]"},{"id":366,"label":"Sw366","detail":"Sw[11, 14]"},{"id":367,"label":"Sw367","detail":"Sw[11, 15]"},{"id":368,"label":"Sw368","detail":"Sw[11, 16]"},{"id":369,"label":"Sw369","detail":"Sw[11, 17]"},{"id":370,"label":"Sw370","detail":"Sw[11, 18]"},{"id":371,"label":"Sw371","detail":"Sw[11, 19]"},{"id":372,"label":"Sw372","detail":"Sw[11, 20]"},{"id":373,"label":"Sw373","detail":"Sw[11, 21]"},{"id":374,"label":"Sw374","detail":"Sw[11, 22]"},{"id":375,"label":"Sw375","detail":"Sw[11, 23]"},{"id":376,"label":"Sw376","detail":"Sw[11, 24]"},{"id":377,"label":"Sw377","detail":"Sw[11, 25]"},{"id":378,"label":"Sw378","detail":"Sw[11, 26]"},{"id":379,"label":"Sw379","detail":"Sw[11, 27]"},{"id":380,"label":"Sw380","detail":"Sw[11, 28]"},{"id":381,"label":"Sw381","detail":"Sw[11, 29]"},{"id":382,"label":"Sw382","detail":"Sw[11, 30]"},{"id":383,"label":"Sw383","detail":"Sw[11, 31]"},{"id":384,"label":"Sw384","detail":"Sw[12, 0]"},{"id":385,"label":"Sw385","detail":"Sw[12, 1]"},{"id":386,"label":"Sw386","detail":"Sw[12, 2]"},{"id":387,"label":"Sw387","detail":"Sw[12, 3]"},{"id":388,"label":"Sw388","detail":"Sw[12, 4]"},{"id":389,"label":"Sw389","detail":"Sw[12, 5]"},{"id":390,"label":"Sw390","detail":"Sw[12, 6]"},{"id":391,"label":"Sw391","detail":"Sw[12, 7]"},{"id":392,"label":"Sw392","detail":"Sw[12, 8]"},{"id":393,"label":"Sw393","detail":"Sw[12, 9]"},{"id":394,"label":"Sw394","detail":"Sw[12, 10]"},{"id":395,"label":"Sw395","detail":"Sw[12, 11]"},{"id":396,"label":"Sw396","detail":"Sw[12, 12]"},{"id":397,"label":"Sw397","detail":"Sw[12, 13]"},{"id":398,"label":"Sw398","detail":"Sw[12, 14]"},{"id":399,"label":"Sw399","detail":"Sw[12, 15]"},{"id":400,"label":"Sw400","detail":"Sw[12, 16]"},{"id":401,"label":"Sw401","detail":"Sw[12, 17]"},{"id":402,"label":"Sw402","detail":"Sw[12, 18]"},{"id":403,"label":"Sw403","detail":"Sw[12, 19]"},{"id":404,"label":"Sw404","detail":"Sw[12, 20]"},{"id":405,"label":"Sw405","detail":"Sw[12, 21]"},{"id":406,"label":"Sw406","detail":"Sw[12, 22]"},{"id":407,"label":"Sw407","detail":"Sw[12, 23]"},{"id":408,"label":"Sw408","detail":"Sw[12, 24]"},{"id":409,"label":"Sw409","detail":"Sw[12, 25]"},{"id":410,"label":"Sw410","detail":"Sw[12, 26]"},{"id":411,"label":"Sw411","detail":"Sw[12, 27]"},{"id":412,"label":"Sw412","detail":"Sw[12, 28]"},{"id":413,"label":"Sw413","detail":"Sw[12, 29]"},{"id":414,"label":"Sw414","detail":"Sw[12, 30]"},{"id":415,"label":"Sw415","detail":"Sw[12, 31]"},{"id":416,"label":"Sw416","detail":"Sw[13, 0]"},{"id":417,"label":"Sw417","detail":"Sw[13, 1]"},{"id":418,"label":"Sw418","detail":"Sw[13, 2]"},{"id":419,"label":"Sw419","detail":"Sw[13, 3]"},{"id":420,"label":"Sw420","detail":"Sw[13, 4]"},{"id":421,"label":"Sw421","detail":"Sw[13, 5]"},{"id":422,"label":"Sw422","detail":"Sw[13, 6]"},{"id":423,"label":"Sw423","detail":"Sw[13, 7]"},{"id":424,"label":"Sw424","detail":"Sw[13, 8]"},{"id":425,"label":"Sw425","detail":"Sw[13, 9]"},{"id":426,"label":"Sw426","detail":"Sw[13, 10]"},{"id":427,"label":"Sw427","detail":"Sw[13, 11]"},{"id":428,"label":"Sw428","detail":"Sw[13, 12]"},{"id":429,"label":"Sw429","detail":"Sw[13, 13]"},{"id":430,"label":"Sw430","detail":"Sw[13, 14]"},{"id":431,"label":"Sw431","detail":"Sw[13, 15]"},{"id":432,"label":"Sw432","detail":"Sw[13, 16]"},{"id":433,"label":"Sw433","detail":"Sw[13, 17]"},{"id":434,"label":"Sw434","detail":"Sw[13, 18]"},{"id":435,"label":"Sw435","detail":"Sw[13, 19]"},{"id":436,"label":"Sw436","detail":"Sw[13, 20]"},{"id":437,"label":"Sw437","detail":"Sw[13, 21]"},{"id":438,"label":"Sw438","detail":"Sw[13, 22]"},{"id":439,"label":"Sw439","detail":"Sw[13, 23]"},{"id":440,"label":"Sw440","detail":"Sw[13, 24]"},{"id":441,"label":"Sw441","detail":"Sw[13, 25]"},{"id":442,"label":"Sw442","detail":"Sw[13, 26]"},{"id":443,"label":"Sw443","detail":"Sw[13, 27]"},{"id":444,"label":"Sw444","detail":"Sw[13, 28]"},{"id":445,"label":"Sw445","detail":"Sw[13, 29]"},{"id":446,"label":"Sw446","detail":"Sw[13, 30]"},{"id":447,"label":"Sw447","detail":"Sw[13, 31]"},{"id":448,"label":"Sw448","detail":"Sw[14, 0]"},{"id":449,"label":"Sw449","detail":"Sw[14, 1]"},{"id":450,"label":"Sw450","detail":"Sw[14, 2]"},{"id":451,"label":"Sw451","detail":"Sw[14, 3]"},{"id":452,"label":"Sw452","detail":"Sw[14, 4]"},{"id":453,"label":"Sw453","detail":"Sw[14, 5]"},{"id":454,"label":"Sw454","detail":"Sw[14, 6]"},{"id":455,"label":"Sw455","detail":"Sw[14, 7]"},{"id":456,"label":"Sw456","detail":"Sw[14, 8]"},{"id":457,"label":"Sw457","detail":"Sw[14, 9]"},{"id":458,"label":"Sw458","detail":"Sw[14, 10]"},{"id":459,"label":"Sw459","detail":"Sw[14, 11]"},{"id":460,"label":"Sw460","detail":"Sw[14, 12]"},{"id":461,"label":"Sw461","detail":"Sw[14, 13]"},{"id":462,"label":"Sw462","detail":"Sw[14, 14]"},{"id":463,"label":"Sw463","detail":"Sw[14, 15]"},{"id":464,"label":"Sw464","detail":"Sw[14, 16]"},{"id":465,"label":"Sw465","detail":"Sw[14, 17]"},{"id":466,"label":"Sw466","detail":"Sw[14, 18]"},{"id":467,"label":"Sw467","detail":"Sw[14, 19]"},{"id":468,"label":"Sw468","detail":"Sw[14, 20]"},{"id":469,"label":"Sw469","detail":"Sw[14, 21]"},{"id":470,"label":"Sw470","detail":"Sw[14, 22]"},{"id":471,"label":"Sw471","detail":"Sw[14, 23]"},{"id":472,"label":"Sw472","detail":"Sw[14, 24]"},{"id":473,"label":"Sw473","detail":"Sw[14, 25]"},{"id":474,"label":"Sw474","detail":"Sw[14, 26]"},{"id":475,"label":"Sw475","detail":"Sw[14, 27]"},{"id":476,"label":"Sw476","detail":"Sw[14, 28]"},{"id":477,"label":"Sw477","detail":"Sw[14, 29]"},{"id":478,"label":"Sw478","detail":"Sw[14, 30]"},{"id":479,"label":"Sw479","detail":"Sw[14, 31]"},{"id":480,"label":"Sw480","detail":"Sw[15, 0]"},{"id":481,"label":"Sw481","detail":"Sw[15, 1]"},{"id":482,"label":"Sw482","detail":"Sw[15, 2]"},{"id":483,"label":"Sw483","detail":"Sw[15, 3]"},{"id":484,"label":"Sw484","detail":"Sw[15, 4]"},{"id":485,"label":"Sw485","detail":"Sw[15, 5]"},{"id":486,"label":"Sw486","detail":"Sw[15, 6]"},{"id":487,"label":"Sw487","detail":"Sw[15, 7]"},{"id":488,"label":"Sw488","detail":"Sw[15, 8]"},{"id":489,"label":"Sw489","detail":"Sw[15, 9]"},{"id":490,"label":"Sw490","detail":"Sw[15, 10]"},{"id":491,"label":"Sw491","detail":"Sw[15, 11]"},{"id":492,"label":"Sw492","detail":"Sw[15, 12]"},{"id":493,"label":"Sw493","detail":"Sw[15, 13]"},{"id":494,"label":"Sw494","detail":"Sw[15, 14]"},{"id":495,"label":"Sw495","detail":"Sw[15, 15]"},{"id":496,"label":"Sw496","detail":"Sw[15, 16]"},{"id":497,"label":"Sw497","detail":"Sw[15, 17]"},{"id":498,"label":"Sw498","detail":"Sw[15, 18]"},{"id":499,"label":"Sw499","detail":"Sw[15, 19]"},{"id":500,"label":"Sw500","detail":"Sw[15, 20]"},{"id":501,"label":"Sw501","detail":"Sw[15, 21]"},{"id":502,"label":"Sw502","detail":"Sw[15, 22]"},{"id":503,"label":"Sw503","detail":"Sw[15, 23]"},{"id":504,"label":"Sw504","detail":"Sw[15, 24]"},{"id":505,"label":"Sw505","detail":"Sw[15, 25]"},{"id":506,"label":"Sw506","detail":"Sw[15, 26]"},{"id":507,"label":"Sw507","detail":"Sw[15, 27]"},{"id":508,"label":"Sw508","detail":"Sw[15, 28]"},{"id":509,"label":"Sw509","detail":"Sw[15, 29]"},{"id":510,"label":"Sw510","detail":"Sw[15, 30]"},{"id":511,"label":"Sw511","detail":"Sw[15, 31]"},{"id":512,"label":"Sw512","detail":"Sw[16, 0]"},{"id":513,"label":"Sw513","detail":"Sw[16, 1]"},{"id":514,"label":"Sw514","detail":"Sw[16, 2]"},{"id":515,"label":"Sw515","detail":"Sw[16, 3]"},{"id":516,"label":"Sw516","detail":"Sw[16, 4]"},{"id":517,"label":"Sw517","detail":"Sw[16, 5]"},{"id":518,"label":"Sw518","detail":"Sw[16, 6]"},{"id":519,"label":"Sw519","detail":"Sw[16, 7]"},{"id":520,"label":"Sw520","detail":"Sw[16, 8]"},{"id":521,"label":"Sw521","detail":"Sw[16, 9]"},{"id":522,"label":"Sw522","detail":"Sw[16, 10]"},{"id":523,"label":"Sw523","detail":"Sw[16, 11]"},{"id":524,"label":"Sw524","detail":"Sw[16, 12]"},{"id":525,"label":"Sw525","detail":"Sw[16, 13]"},{"id":526,"label":"Sw526","detail":"Sw[16, 14]"},{"id":527,"label":"Sw527","detail":"Sw[16, 15]"},{"id":528,"label":"Sw528","detail":"Sw[16, 16]"},{"id":529,"label":"Sw529","detail":"Sw[16, 17]"},{"id":530,"label":"Sw530","detail":"Sw[16, 18]"},{"id":531,"label":"Sw531","detail":"Sw[16, 19]"},{"id":532,"label":"Sw532","detail":"Sw[16, 20]"},{"id":533,"label":"Sw533","detail":"Sw[16, 21]"},{"id":534,"label":"Sw534","detail":"Sw[16, 22]"},{"id":535,"label":"Sw535","detail":"Sw[16, 23]"},{"id":536,"label":"Sw536","detail":"Sw[16, 24]"},{"id":537,"label":"Sw537","detail":"Sw[16, 25]"},{"id":538,"label":"Sw538","detail":"Sw[16, 26]"},{"id":539,"label":"Sw539","detail":"Sw[16, 27]"},{"id":540,"label":"Sw540","detail":"Sw[16, 28]"},{"id":541,"label":"Sw541","detail":"Sw[16, 29]"},{"id":542,"label":"Sw542","detail":"Sw[16, 30]"},{"id":543,"label":"Sw543","detail":"Sw[16, 31]"},{"id":544,"label":"Sw544","detail":"Sw[17, 0]"},{"id":545,"label":"Sw545","detail":"Sw[17, 1]"},{"id":546,"label":"Sw546","detail":"Sw[17, 2]"},{"id":547,"label":"Sw547","detail":"Sw[17, 3]"},{"id":548,"label":"Sw548","detail":"Sw[17, 4]"},{"id":549,"label":"Sw549","detail":"Sw[17, 5]"},{"id":550,"label":"Sw550","detail":"Sw[17, 6]"},{"id":551,"label":"Sw551","detail":"Sw[17, 7]"},{"id":552,"label":"Sw552","detail":"Sw[17, 8]"},{"id":553,"label":"Sw553","detail":"Sw[17, 9]"},{"id":554,"label":"Sw554","detail":"Sw[17, 10]"},{"id":555,"label":"Sw555","detail":"Sw[17, 11]"},{"id":556,"label":"Sw556","detail":"Sw[17, 12]"},{"id":557,"label":"Sw557","detail":"Sw[17, 13]"},{"id":558,"label":"Sw558","detail":"Sw[17, 14]"},{"id":559,"label":"Sw559","detail":"Sw[17, 15]"},{"id":560,"label":"Sw560","detail":"Sw[17, 16]"},{"id":561,"label":"Sw561","detail":"Sw[17, 17]"},{"id":562,"label":"Sw562","detail":"Sw[17, 18]"},{"id":563,"label":"Sw563","detail":"Sw[17, 19]"},{"id":564,"label":"Sw564","detail":"Sw[17, 20]"},{"id":565,"label":"Sw565","detail":"Sw[17, 21]"},{"id":566,"label":"Sw566","detail":"Sw[17, 22]"},{"id":567,"label":"Sw567","detail":"Sw[17, 23]"},{"id":568,"label":"Sw568","detail":"Sw[17, 24]"},{"id":569,"label":"Sw569","detail":"Sw[17, 25]"},{"id":570,"label":"Sw570","detail":"Sw[17, 26]"},{"id":571,"label":"Sw571","detail":"Sw[17, 27]"},{"id":572,"label":"Sw572","detail":"Sw[17, 28]"},{"id":573,"label":"Sw573","detail":"Sw[17, 29]"},{"id":574,"label":"Sw574","detail":"Sw[17, 30]"},{"id":575,"label":"Sw575","detail":"Sw[17, 31]"},{"id":576,"label":"Sw576","detail":"Sw[18, 0]"},{"id":577,"label":"Sw577","detail":"Sw[18, 1]"},{"id":578,"label":"Sw578","detail":"Sw[18, 2]"},{"id":579,"label":"Sw579","detail":"Sw[18, 3]"},{"id":580,"label":"Sw580","detail":"Sw[18, 4]"},{"id":581,"label":"Sw581","detail":"Sw[18, 5]"},{"id":582,"label":"Sw582","detail":"Sw[18, 6]"},{"id":583,"label":"Sw583","detail":"Sw[18, 7]"},{"id":584,"label":"Sw584","detail":"Sw[18, 8]"},{"id":585,"label":"Sw585","detail":"Sw[18, 9]"},{"id":586,"label":"Sw586","detail":"Sw[18, 10]"},{"id":587,"label":"Sw587","detail":"Sw[18, 11]"},{"id":588,"label":"Sw588","detail":"Sw[18, 12]"},{"id":589,"label":"Sw589","detail":"Sw[18, 13]"},{"id":590,"label":"Sw590","detail":"Sw[18, 14]"},{"id":591,"label":"Sw591","detail":"Sw[18, 15]"},{"id":592,"label":"Sw592","detail":"Sw[18, 16]"},{"id":593,"label":"Sw593","detail":"Sw[18, 17]"},{"id":594,"label":"Sw594","detail":"Sw[18, 18]"},{"id":595,"label":"Sw595","detail":"Sw[18, 19]"},{"id":596,"label":"Sw596","detail":"Sw[18, 20]"},{"id":597,"label":"Sw597","detail":"Sw[18, 21]"},{"id":598,"label":"Sw598","detail":"Sw[18, 22]"},{"id":599,"label":"Sw599","detail":"Sw[18, 23]"},{"id":600,"label":"Sw600","detail":"Sw[18, 24]"},{"id":601,"label":"Sw601","detail":"Sw[18, 25]"},{"id":602,"label":"Sw602","detail":"Sw[18, 26]"},{"id":603,"label":"Sw603","detail":"Sw[18, 27]"},{"id":604,"label":"Sw604","detail":"Sw[18, 28]"},{"id":605,"label":"Sw605","detail":"Sw[18, 29]"},{"id":606,"label":"Sw606","detail":"Sw[18, 30]"},{"id":607,"label":"Sw607","detail":"Sw[18, 31]"},{"id":608,"label":"Sw608","detail":"Sw[19, 0]"},{"id":609,"label":"Sw609","detail":"Sw[19, 1]"},{"id":610,"label":"Sw610","detail":"Sw[19, 2]"},{"id":611,"label":"Sw611","detail":"Sw[19, 3]"},{"id":612,"label":"Sw612","detail":"Sw[19, 4]"},{"id":613,"label":"Sw613","detail":"Sw[19, 5]"},{"id":614,"label":"Sw614","detail":"Sw[19, 6]"},{"id":615,"label":"Sw615","detail":"Sw[19, 7]"},{"id":616,"label":"Sw616","detail":"Sw[19, 8]"},{"id":617,"label":"Sw617","detail":"Sw[19, 9]"},{"id":618,"label":"Sw618","detail":"Sw[19, 10]"},{"id":619,"label":"Sw619","detail":"Sw[19, 11]"},{"id":620,"label":"Sw620","detail":"Sw[19, 12]"},{"id":621,"label":"Sw621","detail":"Sw[19, 13]"},{"id":622,"label":"Sw622","detail":"Sw[19, 14]"},{"id":623,"label":"Sw623","detail":"Sw[19, 15]"},{"id":624,"label":"Sw624","detail":"Sw[19, 16]"},{"id":625,"label":"Sw625","detail":"Sw[19, 17]"},{"id":626,"label":"Sw626","detail":"Sw[19, 18]"},{"id":627,"label":"Sw627","detail":"Sw[19, 19]"},{"id":628,"label":"Sw628","detail":"Sw[19, 20]"},{"id":629,"label":"Sw629","detail":"Sw[19, 21]"},{"id":630,"label":"Sw630","detail":"Sw[19, 22]"},{"id":631,"label":"Sw631","detail":"Sw[19, 23]"},{"id":632,"label":"Sw632","detail":"Sw[19, 24]"},{"id":633,"label":"Sw633","detail":"Sw[19, 25]"},{"id":634,"label":"Sw634","detail":"Sw[19, 26]"},{"id":635,"label":"Sw635","detail":"Sw[19, 27]"},{"id":636,"label":"Sw636","detail":"Sw[19, 28]"},{"id":637,"label":"Sw637","detail":"Sw[19, 29]"},{"id":638,"label":"Sw638","detail":"Sw[19, 30]"},{"id":639,"label":"Sw639","detail":"Sw[19, 31]"},{"id":640,"label":"Sw640","detail":"Sw[20, 0]"},{"id":641,"label":"Sw641","detail":"Sw[20, 1]"},{"id":642,"label":"Sw642","detail":"Sw[20, 2]"},{"id":643,"label":"Sw643","detail":"Sw[20, 3]"},{"id":644,"label":"Sw644","detail":"Sw[20, 4]"},{"id":645,"label":"Sw645","detail":"Sw[20, 5]"},{"id":646,"label":"Sw646","detail":"Sw[20, 6]"},{"id":647,"label":"Sw647","detail":"Sw[20, 7]"},{"id":648,"label":"Sw648","detail":"Sw[20, 8]"},{"id":649,"label":"Sw649","detail":"Sw[20, 9]"},{"id":650,"label":"Sw650","detail":"Sw[20, 10]"},{"id":651,"label":"Sw651","detail":"Sw[20, 11]"},{"id":652,"label":"Sw652","detail":"Sw[20, 12]"},{"id":653,"label":"Sw653","detail":"Sw[20, 13]"},{"id":654,"label":"Sw654","detail":"Sw[20, 14]"},{"id":655,"label":"Sw655","detail":"Sw[20, 15]"},{"id":656,"label":"Sw656","detail":"Sw[20, 16]"},{"id":657,"label":"Sw657","detail":"Sw[20, 17]"},{"id":658,"label":"Sw658","detail":"Sw[20, 18]"},{"id":659,"label":"Sw659","detail":"Sw[20, 19]"},{"id":660,"label":"Sw660","detail":"Sw[20, 20]"},{"id":661,"label":"Sw661","detail":"Sw[20, 21]"},{"id":662,"label":"Sw662","detail":"Sw[20, 22]"},{"id":663,"label":"Sw663","detail":"Sw[20, 23]"},{"id":664,"label":"Sw664","detail":"Sw[20, 24]"},{"id":665,"label":"Sw665","detail":"Sw[20, 25]"},{"id":666,"label":"Sw666","detail":"Sw[20, 26]"},{"id":667,"label":"Sw667","detail":"Sw[20, 27]"},{"id":668,"label":"Sw668","detail":"Sw[20, 28]"},{"id":669,"label":"Sw669","detail":"Sw[20, 29]"},{"id":670,"label":"Sw670","detail":"Sw[20, 30]"},{"id":671,"label":"Sw671","detail":"Sw[20, 31]"},{"id":672,"label":"Sw672","detail":"Sw[21, 0]"},{"id":673,"label":"Sw673","detail":"Sw[21, 1]"},{"id":674,"label":"Sw674","detail":"Sw[21, 2]"},{"id":675,"label":"Sw675","detail":"Sw[21, 3]"},{"id":676,"label":"Sw676","detail":"Sw[21, 4]"},{"id":677,"label":"Sw677","detail":"Sw[21, 5]"},{"id":678,"label":"Sw678","detail":"Sw[21, 6]"},{"id":679,"label":"Sw679","detail":"Sw[21, 7]"},{"id":680,"label":"Sw680","detail":"Sw[21, 8]"},{"id":681,"label":"Sw681","detail":"Sw[21, 9]"},{"id":682,"label":"Sw682","detail":"Sw[21, 10]"},{"id":683,"label":"Sw683","detail":"Sw[21, 11]"},{"id":684,"label":"Sw684","detail":"Sw[21, 12]"},{"id":685,"label":"Sw685","detail":"Sw[21, 13]"},{"id":686,"label":"Sw686","detail":"Sw[21, 14]"},{"id":687,"label":"Sw687","detail":"Sw[21, 15]"},{"id":688,"label":"Sw688","detail":"Sw[21, 16]"},{"id":689,"label":"Sw689","detail":"Sw[21, 17]"},{"id":690,"label":"Sw690","detail":"Sw[21, 18]"},{"id":691,"label":"Sw691","detail":"Sw[21, 19]"},{"id":692,"label":"Sw692","detail":"Sw[21, 20]"},{"id":693,"label":"Sw693","detail":"Sw[21, 21]"},{"id":694,"label":"Sw694","detail":"Sw[21, 22]"},{"id":695,"label":"Sw695","detail":"Sw[21, 23]"},{"id":696,"label":"Sw696","detail":"Sw[21, 24]"},{"id":697,"label":"Sw697","detail":"Sw[21, 25]"},{"id":698,"label":"Sw698","detail":"Sw[21, 26]"},{"id":699,"label":"Sw699","detail":"Sw[21, 27]"},{"id":700,"label":"Sw700","detail":"Sw[21, 28]"},{"id":701,"label":"Sw701","detail":"Sw[21, 29]"},{"id":702,"label":"Sw702","detail":"Sw[21, 30]"},{"id":703,"label":"Sw703","detail":"Sw[21, 31]"},{"id":704,"label":"Sw704","detail":"Sw[22, 0]"},{"id":705,"label":"Sw705","detail":"Sw[22, 1]"},{"id":706,"label":"Sw706","detail":"Sw[22, 2]"},{"id":707,"label":"Sw707","detail":"Sw[22, 3]"},{"id":708,"label":"Sw708","detail":"Sw[22, 4]"},{"id":709,"label":"Sw709","detail":"Sw[22, 5]"},{"id":710,"label":"Sw710","detail":"Sw[22, 6]"},{"id":711,"label":"Sw711","detail":"Sw[22, 7]"},{"id":712,"label":"Sw712","detail":"Sw[22, 8]"},{"id":713,"label":"Sw713","detail":"Sw[22, 9]"},{"id":714,"label":"Sw714","detail":"Sw[22, 10]"},{"id":715,"label":"Sw715","detail":"Sw[22, 11]"},{"id":716,"label":"Sw716","detail":"Sw[22, 12]"},{"id":717,"label":"Sw717","detail":"Sw[22, 13]"},{"id":718,"label":"Sw718","detail":"Sw[22, 14]"},{"id":719,"label":"Sw719","detail":"Sw[22, 15]"},{"id":720,"label":"Sw720","detail":"Sw[22, 16]"},{"id":721,"label":"Sw721","detail":"Sw[22, 17]"},{"id":722,"label":"Sw722","detail":"Sw[22, 18]"},{"id":723,"label":"Sw723","detail":"Sw[22, 19]"},{"id":724,"label":"Sw724","detail":"Sw[22, 20]"},{"id":725,"label":"Sw725","detail":"Sw[22, 21]"},{"id":726,"label":"Sw726","detail":"Sw[22, 22]"},{"id":727,"label":"Sw727","detail":"Sw[22, 23]"},{"id":728,"label":"Sw728","detail":"Sw[22, 24]"},{"id":729,"label":"Sw729","detail":"Sw[22, 25]"},{"id":730,"label":"Sw730","detail":"Sw[22, 26]"},{"id":731,"label":"Sw731","detail":"Sw[22, 27]"},{"id":732,"label":"Sw732","detail":"Sw[22, 28]"},{"id":733,"label":"Sw733","detail":"Sw[22, 29]"},{"id":734,"label":"Sw734","detail":"Sw[22, 30]"},{"id":735,"label":"Sw735","detail":"Sw[22, 31]"},{"id":736,"label":"Sw736","detail":"Sw[23, 0]"},{"id":737,"label":"Sw737","detail":"Sw[23, 1]"},{"id":738,"label":"Sw738","detail":"Sw[23, 2]"},{"id":739,"label":"Sw739","detail":"Sw[23, 3]"},{"id":740,"label":"Sw740","detail":"Sw[23, 4]"},{"id":741,"label":"Sw741","detail":"Sw[23, 5]"},{"id":742,"label":"Sw742","detail":"Sw[23, 6]"},{"id":743,"label":"Sw743","detail":"Sw[23, 7]"},{"id":744,"label":"Sw744","detail":"Sw[23, 8]"},{"id":745,"label":"Sw745","detail":"Sw[23, 9]"},{"id":746,"label":"Sw746","detail":"Sw[23, 10]"},{"id":747,"label":"Sw747","detail":"Sw[23, 11]"},{"id":748,"label":"Sw748","detail":"Sw[23, 12]"},{"id":749,"label":"Sw749","detail":"Sw[23, 13]"},{"id":750,"label":"Sw750","detail":"Sw[23, 14]"},{"id":751,"label":"Sw751","detail":"Sw[23, 15]"},{"id":752,"label":"Sw752","detail":"Sw[23, 16]"},{"id":753,"label":"Sw753","detail":"Sw[23, 17]"},{"id":754,"label":"Sw754","detail":"Sw[23, 18]"},{"id":755,"label":"Sw755","detail":"Sw[23, 19]"},{"id":756,"label":"Sw756","detail":"Sw[23, 20]"},{"id":757,"label":"Sw757","detail":"Sw[23, 21]"},{"id":758,"label":"Sw758","detail":"Sw[23, 22]"},{"id":759,"label":"Sw759","detail":"Sw[23, 23]"},{"id":760,"label":"Sw760","detail":"Sw[23, 24]"},{"id":761,"label":"Sw761","detail":"Sw[23, 25]"},{"id":762,"label":"Sw762","detail":"Sw[23, 26]"},{"id":763,"label":"Sw763","detail":"Sw[23, 27]"},{"id":764,"label":"Sw764","detail":"Sw[23, 28]"},{"id":765,"label":"Sw765","detail":"Sw[23, 29]"},{"id":766,"label":"Sw766","detail":"Sw[23, 30]"},{"id":767,"label":"Sw767","detail":"Sw[23, 31]"},{"id":768,"label":"Sw768","detail":"Sw[24, 0]"},{"id":769,"label":"Sw769","detail":"Sw[24, 1]"},{"id":770,"label":"Sw770","detail":"Sw[24, 2]"},{"id":771,"label":"Sw771","detail":"Sw[24, 3]"},{"id":772,"label":"Sw772","detail":"Sw[24, 4]"},{"id":773,"label":"Sw773","detail":"Sw[24, 5]"},{"id":774,"label":"Sw774","detail":"Sw[24, 6]"},{"id":775,"label":"Sw775","detail":"Sw[24, 7]"},{"id":776,"label":"Sw776","detail":"Sw[24, 8]"},{"id":777,"label":"Sw777","detail":"Sw[24, 9]"},{"id":778,"label":"Sw778","detail":"Sw[24, 10]"},{"id":779,"label":"Sw779","detail":"Sw[24, 11]"},{"id":780,"label":"Sw780","detail":"Sw[24, 12]"},{"id":781,"label":"Sw781","detail":"Sw[24, 13]"},{"id":782,"label":"Sw782","detail":"Sw[24, 14]"},{"id":783,"label":"Sw783","detail":"Sw[24, 15]"},{"id":784,"label":"Sw784","detail":"Sw[24, 16]"},{"id":785,"label":"Sw785","detail":"Sw[24, 17]"},{"id":786,"label":"Sw786","detail":"Sw[24, 18]"},{"id":787,"label":"Sw787","detail":"Sw[24, 19]"},{"id":788,"label":"Sw788","detail":"Sw[24, 20]"},{"id":789,"label":"Sw789","detail":"Sw[24, 21]"},{"id":790,"label":"Sw790","detail":"Sw[24, 22]"},{"id":791,"label":"Sw791","detail":"Sw[24, 23]"},{"id":792,"label":"Sw792","detail":"Sw[24, 24]"},{"id":793,"label":"Sw793","detail":"Sw[24, 25]"},{"id":794,"label":"Sw794","detail":"Sw[24, 26]"},{"id":795,"label":"Sw795","detail":"Sw[24, 27]"},{"id":796,"label":"Sw796","detail":"Sw[24, 28]"},{"id":797,"label":"Sw797","detail":"Sw[24, 29]"},{"id":798,"label":"Sw798","detail":"Sw[24, 30]"},{"id":799,"label":"Sw799","detail":"Sw[24, 31]"},{"id":800,"label":"Sw800","detail":"Sw[25, 0]"},{"id":801,"label":"Sw801","detail":"Sw[25, 1]"},{"id":802,"label":"Sw802","detail":"Sw[25, 2]"},{"id":803,"label":"Sw803","detail":"Sw[25, 3]"},{"id":804,"label":"Sw804","detail":"Sw[25, 4]"},{"id":805,"label":"Sw805","detail":"Sw[25, 5]"},{"id":806,"label":"Sw806","detail":"Sw[25, 6]"},{"id":807,"label":"Sw807","detail":"Sw[25, 7]"},{"id":808,"label":"Sw808","detail":"Sw[25, 8]"},{"id":809,"label":"Sw809","detail":"Sw[25, 9]"},{"id":810,"label":"Sw810","detail":"Sw[25, 10]"},{"id":811,"label":"Sw811","detail":"Sw[25, 11]"},{"id":812,"label":"Sw812","detail":"Sw[25, 12]"},{"id":813,"label":"Sw813","detail":"Sw[25, 13]"},{"id":814,"label":"Sw814","detail":"Sw[25, 14]"},{"id":815,"label":"Sw815","detail":"Sw[25, 15]"},{"id":816,"label":"Sw816","detail":"Sw[25, 16]"},{"id":817,"label":"Sw817","detail":"Sw[25, 17]"},{"id":818,"label":"Sw818","detail":"Sw[25, 18]"},{"id":819,"label":"Sw819","detail":"Sw[25, 19]"},{"id":820,"label":"Sw820","detail":"Sw[25, 20]"},{"id":821,"label":"Sw821","detail":"Sw[25, 21]"},{"id":822,"label":"Sw822","detail":"Sw[25, 22]"},{"id":823,"label":"Sw823","detail":"Sw[25, 23]"},{"id":824,"label":"Sw824","detail":"Sw[25, 24]"},{"id":825,"label":"Sw825","detail":"Sw[25, 25]"},{"id":826,"label":"Sw826","detail":"Sw[25, 26]"},{"id":827,"label":"Sw827","detail":"Sw[25, 27]"},{"id":828,"label":"Sw828","detail":"Sw[25, 28]"},{"id":829,"label":"Sw829","detail":"Sw[25, 29]"},{"id":830,"label":"Sw830","detail":"Sw[25, 30]"},{"id":831,"label":"Sw831","detail":"Sw[25, 31]"},{"id":832,"label":"Sw832","detail":"Sw[26, 0]"},{"id":833,"label":"Sw833","detail":"Sw[26, 1]"},{"id":834,"label":"Sw834","detail":"Sw[26, 2]"},{"id":835,"label":"Sw835","detail":"Sw[26, 3]"},{"id":836,"label":"Sw836","detail":"Sw[26, 4]"},{"id":837,"label":"Sw837","detail":"Sw[26, 5]"},{"id":838,"label":"Sw838","detail":"Sw[26, 6]"},{"id":839,"label":"Sw839","detail":"Sw[26, 7]"},{"id":840,"label":"Sw840","detail":"Sw[26, 8]"},{"id":841,"label":"Sw841","detail":"Sw[26, 9]"},{"id":842,"label":"Sw842","detail":"Sw[26, 10]"},{"id":843,"label":"Sw843","detail":"Sw[26, 11]"},{"id":844,"label":"Sw844","detail":"Sw[26, 12]"},{"id":845,"label":"Sw845","detail":"Sw[26, 13]"},{"id":846,"label":"Sw846","detail":"Sw[26, 14]"},{"id":847,"label":"Sw847","detail":"Sw[26, 15]"},{"id":848,"label":"Sw848","detail":"Sw[26, 16]"},{"id":849,"label":"Sw849","detail":"Sw[26, 17]"},{"id":850,"label":"Sw850","detail":"Sw[26, 18]"},{"id":851,"label":"Sw851","detail":"Sw[26, 19]"},{"id":852,"label":"Sw852","detail":"Sw[26, 20]"},{"id":853,"label":"Sw853","detail":"Sw[26, 21]"},{"id":854,"label":"Sw854","detail":"Sw[26, 22]"},{"id":855,"label":"Sw855","detail":"Sw[26, 23]"},{"id":856,"label":"Sw856","detail":"Sw[26, 24]"},{"id":857,"label":"Sw857","detail":"Sw[26, 25]"},{"id":858,"label":"Sw858","detail":"Sw[26, 26]"},{"id":859,"label":"Sw859","detail":"Sw[26, 27]"},{"id":860,"label":"Sw860","detail":"Sw[26, 28]"},{"id":861,"label":"Sw861","detail":"Sw[26, 29]"},{"id":862,"label":"Sw862","detail":"Sw[26, 30]"},{"id":863,"label":"Sw863","detail":"Sw[26, 31]"},{"id":864,"label":"Sw864","detail":"Sw[27, 0]"},{"id":865,"label":"Sw865","detail":"Sw[27, 1]"},{"id":866,"label":"Sw866","detail":"Sw[27, 2]"},{"id":867,"label":"Sw867","detail":"Sw[27, 3]"},{"id":868,"label":"Sw868","detail":"Sw[27, 4]"},{"id":869,"label":"Sw869","detail":"Sw[27, 5]"},{"id":870,"label":"Sw870","detail":"Sw[27, 6]"},{"id":871,"label":"Sw871","detail":"Sw[27, 7]"},{"id":872,"label":"Sw872","detail":"Sw[27, 8]"},{"id":873,"label":"Sw873","detail":"Sw[27, 9]"},{"id":874,"label":"Sw874","detail":"Sw[27, 10]"},{"id":875,"label":"Sw875","detail":"Sw[27, 11]"},{"id":876,"label":"Sw876","detail":"Sw[27, 12]"},{"id":877,"label":"Sw877","detail":"Sw[27, 13]"},{"id":878,"label":"Sw878","detail":"Sw[27, 14]"},{"id":879,"label":"Sw879","detail":"Sw[27, 15]"},{"id":880,"label":"Sw880","detail":"Sw[27, 16]"},{"id":881,"label":"Sw881","detail":"Sw[27, 17]"},{"id":882,"label":"Sw882","detail":"Sw[27, 18]"},{"id":883,"label":"Sw883","detail":"Sw[27, 19]"},{"id":884,"label":"Sw884","detail":"Sw[27, 20]"},{"id":885,"label":"Sw885","detail":"Sw[27, 21]"},{"id":886,"label":"Sw886","detail":"Sw[27, 22]"},{"id":887,"label":"Sw887","detail":"Sw[27, 23]"},{"id":888,"label":"Sw888","detail":"Sw[27, 24]"},{"id":889,"label":"Sw889","detail":"Sw[27, 25]"},{"id":890,"label":"Sw890","detail":"Sw[27, 26]"},{"id":891,"label":"Sw891","detail":"Sw[27, 27]"},{"id":892,"label":"Sw892","detail":"Sw[27, 28]"},{"id":893,"label":"Sw893","detail":"Sw[27, 29]"},{"id":894,"label":"Sw894","detail":"Sw[27, 30]"},{"id":895,"label":"Sw895","detail":"Sw[27, 31]"},{"id":896,"label":"Sw896","detail":"Sw[28, 0]"},{"id":897,"label":"Sw897","detail":"Sw[28, 1]"},{"id":898,"label":"Sw898","detail":"Sw[28, 2]"},{"id":899,"label":"Sw899","detail":"Sw[28, 3]"},{"id":900,"label":"Sw900","detail":"Sw[28, 4]"},{"id":901,"label":"Sw901","detail":"Sw[28, 5]"},{"id":902,"label":"Sw902","detail":"Sw[28, 6]"},{"id":903,"label":"Sw903","detail":"Sw[28, 7]"},{"id":904,"label":"Sw904","detail":"Sw[28, 8]"},{"id":905,"label":"Sw905","detail":"Sw[28, 9]"},{"id":906,"label":"Sw906","detail":"Sw[28, 10]"},{"id":907,"label":"Sw907","detail":"Sw[28, 11]"},{"id":908,"label":"Sw908","detail":"Sw[28, 12]"},{"id":909,"label":"Sw909","detail":"Sw[28, 13]"},{"id":910,"label":"Sw910","detail":"Sw[28, 14]"},{"id":911,"label":"Sw911","detail":"Sw[28, 15]"},{"id":912,"label":"Sw912","detail":"Sw[28, 16]"},{"id":913,"label":"Sw913","detail":"Sw[28, 17]"},{"id":914,"label":"Sw914","detail":"Sw[28, 18]"},{"id":915,"label":"Sw915","detail":"Sw[28, 19]"},{"id":916,"label":"Sw916","detail":"Sw[28, 20]"},{"id":917,"label":"Sw917","detail":"Sw[28, 21]"},{"id":918,"label":"Sw918","detail":"Sw[28, 22]"},{"id":919,"label":"Sw919","detail":"Sw[28, 23]"},{"id":920,"label":"Sw920","detail":"Sw[28, 24]"},{"id":921,"label":"Sw921","detail":"Sw[28, 25]"},{"id":922,"label":"Sw922","detail":"Sw[28, 26]"},{"id":923,"label":"Sw923","detail":"Sw[28, 27]"},{"id":924,"label":"Sw924","detail":"Sw[28, 28]"},{"id":925,"label":"Sw925","detail":"Sw[28, 29]"},{"id":926,"label":"Sw926","detail":"Sw[28, 30]"},{"id":927,"label":"Sw927","detail":"Sw[28, 31]"},{"id":928,"label":"Sw928","detail":"Sw[29, 0]"},{"id":929,"label":"Sw929","detail":"Sw[29, 1]"},{"id":930,"label":"Sw930","detail":"Sw[29, 2]"},{"id":931,"label":"Sw931","detail":"Sw[29, 3]"},{"id":932,"label":"Sw932","detail":"Sw[29, 4]"},{"id":933,"label":"Sw933","detail":"Sw[29, 5]"},{"id":934,"label":"Sw934","detail":"Sw[29, 6]"},{"id":935,"label":"Sw935","detail":"Sw[29, 7]"},{"id":936,"label":"Sw936","detail":"Sw[29, 8]"},{"id":937,"label":"Sw937","detail":"Sw[29, 9]"},{"id":938,"label":"Sw938","detail":"Sw[29, 10]"},{"id":939,"label":"Sw939","detail":"Sw[29, 11]"},{"id":940,"label":"Sw940","detail":"Sw[29, 12]"},{"id":941,"label":"Sw941","detail":"Sw[29, 13]"},{"id":942,"label":"Sw942","detail":"Sw[29, 14]"},{"id":943,"label":"Sw943","detail":"Sw[29, 15]"},{"id":944,"label":"Sw944","detail":"Sw[29, 16]"},{"id":945,"label":"Sw945","detail":"Sw[29, 17]"},{"id":946,"label":"Sw946","detail":"Sw[29, 18]"},{"id":947,"label":"Sw947","detail":"Sw[29, 19]"},{"id":948,"label":"Sw948","detail":"Sw[29, 20]"},{"id":949,"label":"Sw949","detail":"Sw[29, 21]"},{"id":950,"label":"Sw950","detail":"Sw[29, 22]"},{"id":951,"label":"Sw951","detail":"Sw[29, 23]"},{"id":952,"label":"Sw952","detail":"Sw[29, 24]"},{"id":953,"label":"Sw953","detail":"Sw[29, 25]"},{"id":954,"label":"Sw954","detail":"Sw[29, 26]"},{"id":955,"label":"Sw955","detail":"Sw[29, 27]"},{"id":956,"label":"Sw956","detail":"Sw[29, 28]"},{"id":957,"label":"Sw957","detail":"Sw[29, 29]"},{"id":958,"label":"Sw958","detail":"Sw[29, 30]"},{"id":959,"label":"Sw959","detail":"Sw[29, 31]"},{"id":960,"label":"Sw960","detail":"Sw[30, 0]"},{"id":961,"label":"Sw961","detail":"Sw[30, 1]"},{"id":962,"label":"Sw962","detail":"Sw[30, 2]"},{"id":963,"label":"Sw963","detail":"Sw[30, 3]"},{"id":964,"label":"Sw964","detail":"Sw[30, 4]"},{"id":965,"label":"Sw965","detail":"Sw[30, 5]"},{"id":966,"label":"Sw966","detail":"Sw[30, 6]"},{"id":967,"label":"Sw967","detail":"Sw[30, 7]"},{"id":968,"label":"Sw968","detail":"Sw[30, 8]"},{"id":969,"label":"Sw969","detail":"Sw[30, 9]"},{"id":970,"label":"Sw970","detail":"Sw[30, 10]"},{"id":971,"label":"Sw971","detail":"Sw[30, 11]"},{"id":972,"label":"Sw972","detail":"Sw[30, 12]"},{"id":973,"label":"Sw973","detail":"Sw[30, 13]"},{"id":974,"label":"Sw974","detail":"Sw[30, 14]"},{"id":975,"label":"Sw975","detail":"Sw[30, 15]"},{"id":976,"label":"Sw976","detail":"Sw[30, 16]"},{"id":977,"label":"Sw977","detail":"Sw[30, 17]"},{"id":978,"label":"Sw978","detail":"Sw[30, 18]"},{"id":979,"label":"Sw979","detail":"Sw[30, 19]"},{"id":980,"label":"Sw980","detail":"Sw[30, 20]"},{"id":981,"label":"Sw981","detail":"Sw[30, 21]"},{"id":982,"label":"Sw982","detail":"Sw[30, 22]"},{"id":983,"label":"Sw983","detail":"Sw[30, 23]"},{"id":984,"label":"Sw984","detail":"Sw[30, 24]"},{"id":985,"label":"Sw985","detail":"Sw[30, 25]"},{"id":986,"label":"Sw986","detail":"Sw[30, 26]"},{"id":987,"label":"Sw987","detail":"Sw[30, 27]"},{"id":988,"label":"Sw988","detail":"Sw[30, 28]"},{"id":989,"label":"Sw989","detail":"Sw[30, 29]"},{"id":990,"label":"Sw990","detail":"Sw[30, 30]"},{"id":991,"label":"Sw991","detail":"Sw[30, 31]"},{"id":992,"label":"Sw992","detail":"Sw[31, 0]"},{"id":993,"label":"Sw993","detail":"Sw[31, 1]"},{"id":994,"label":"Sw994","detail":"Sw[31, 2]"},{"id":995,"label":"Sw995","detail":"Sw[31, 3]"},{"id":996,"label":"Sw996","detail":"Sw[31, 4]"},{"id":997,"label":"Sw997","detail":"Sw[31, 5]"},{"id":998,"label":"Sw998","detail":"Sw[31, 6]"},{"id":999,"label":"Sw999","detail":"Sw[31, 7]"},{"id":1000,"label":"Sw1000","detail":"Sw[31, 8]"},{"id":1001,"label":"Sw1001","detail":"Sw[31, 9]"},{"id":1002,"label":"Sw1002","detail":"Sw[31, 10]"},{"id":1003,"label":"Sw1003","detail":"Sw[31, 11]"},{"id":1004,"label":"Sw1004","detail":"Sw[31, 12]"},{"id":1005,"label":"Sw1005","detail":"Sw[31, 13]"},{"id":1006,"label":"Sw1006","detail":"Sw[31, 14]"},{"id":1007,"label":"Sw1007","detail":"Sw[31, 15]"},{"id":1008,"label":"Sw1008","detail":"Sw[31, 16]"},{"id":1009,"label":"Sw1009","detail":"Sw[31, 17]"},{"id":1010,"label":"Sw1010","detail":"Sw[31, 18]"},{"id":1011,"label":"Sw1011","detail":"Sw[31, 19]"},{"id":1012,"label":"Sw1012","detail":"Sw[31, 20]"},{"id":1013,"label":"Sw1013","detail":"Sw[31, 21]"},{"id":1014,"label":"Sw1014","detail":"Sw[31, 22]"},{"id":1015,"label":"Sw1015","detail":"Sw[31, 23]"},{"id":1016,"label":"Sw1016","detail":"Sw[31, 24]"},{"id":1017,"label":"Sw1017","detail":"Sw[31, 25]"},{"id":1018,"label":"Sw1018","detail":"Sw[31, 26]"},{"id":1019,"label":"Sw1019","detail":"Sw[31, 27]"},{"id":1020,"label":"Sw1020","detail":"Sw[31, 28]"},{"id":1021,"label":"Sw1021","detail":"Sw[31, 29]"},{"id":1022,"label":"Sw1022","detail":"Sw[31, 30]"},{"id":1023,"label":"Sw1023","detail":"Sw[31, 31]"}]
